,Loss/Generator,Loss/Discriminator,Loss/L1,Loss/FeatureMatching,Loss/Perceptual,Loss/LPIPS,Loss/TotalVariation,Loss/GAN,Loss/Lab_L,Loss/Lab_ab,Loss/SSIM,Loss/TV
0,5.850081443786621,0.1691228449344635,0.24382877349853516,6.408133506774902,2.1486117839813232,0.6742825508117676,0.14132767915725708,2.4011406898498535,12.083547592163086,11.427961349487305,0.4254409670829773,0.14132767915725708
1,4.391458511352539,0.07135466486215591,0.21961627900600433,10.257270812988281,1.87396240234375,0.6401939392089844,0.09268400073051453,2.869046688079834,11.526695251464844,6.873170852661133,0.3772195279598236,0.09268400073051453
2,4.345048427581787,0.07498157769441605,0.20759925246238708,12.075113296508789,1.5784066915512085,0.6165333390235901,0.07768169045448303,4.304828643798828,10.654840469360352,6.473133087158203,0.30815237760543823,0.07768169045448303
3,4.390740394592285,0.09080873429775238,0.21407054364681244,5.051799774169922,1.8321751356124878,0.6729815006256104,0.08842308074235916,1.1874778270721436,11.535364151000977,5.589503288269043,0.38941437005996704,0.08842308074235916
4,3.9993791580200195,0.04627850279211998,0.20691291987895966,5.078172206878662,1.7457516193389893,0.6781409382820129,0.0763978511095047,1.8155558109283447,11.05624008178711,6.315648078918457,0.37517139315605164,0.0763978511095047
5,4.131991386413574,0.048934098333120346,0.2601330876350403,7.488219738006592,2.0895495414733887,0.6969014406204224,0.07578874379396439,2.4728944301605225,13.865028381347656,5.869340896606445,0.42517849802970886,0.07578874379396439
6,4.018448829650879,0.04399088770151138,0.19881078600883484,5.705034255981445,1.8062069416046143,0.6692128777503967,0.06725485622882843,1.8243447542190552,10.470970153808594,5.162978172302246,0.35813379287719727,0.06725485622882843
7,4.224623203277588,0.0477529913187027,0.2671588063240051,7.885562419891357,1.7147600650787354,0.6780458688735962,0.05285363644361496,2.4495949745178223,14.31811809539795,4.828207015991211,0.3652201294898987,0.05285363644361496
8,4.0382914543151855,0.039889831095933914,0.22097107768058777,4.523784637451172,1.8351993560791016,0.7026816010475159,0.06318841129541397,1.5633255243301392,12.411165237426758,6.419319152832031,0.37963446974754333,0.06318841129541397
9,4.072540760040283,0.039488911628723145,0.20583097636699677,13.92161750793457,1.8484750986099243,0.6891642808914185,0.0555996373295784,4.04909610748291,11.197165489196777,4.691981315612793,0.39187902212142944,0.0555996373295784
10,4.173029899597168,0.038588497787714005,0.25801190733909607,8.704177856445312,1.746031403541565,0.6717472672462463,0.06865576654672623,2.79681396484375,14.619781494140625,5.266870021820068,0.3731183707714081,0.06865576654672623
11,4.044541358947754,0.03705400228500366,0.22037753462791443,5.8383684158325195,1.8392343521118164,0.623382031917572,0.07746819406747818,1.9927729368209839,11.335983276367188,5.746767044067383,0.33836624026298523,0.07746819406747818
12,4.084451198577881,0.03704382851719856,0.20975427329540253,5.26326322555542,1.8162800073623657,0.6436477899551392,0.07383300364017487,1.2391705513000488,10.819769859313965,5.118919372558594,0.3682757019996643,0.07383300364017487
13,4.118127822875977,0.031384263187646866,0.1982140988111496,10.806272506713867,1.9111945629119873,0.6534990072250366,0.06930696964263916,3.3091847896575928,10.674051284790039,4.939323425292969,0.3889230191707611,0.06930696964263916
14,4.25010347366333,0.03828848525881767,0.21523863077163696,8.515572547912598,1.9288828372955322,0.6673189997673035,0.0651450827717781,2.734873056411743,11.335811614990234,6.108521461486816,0.3810332417488098,0.0651450827717781
15,4.20918083190918,0.03168699890375137,0.2253938615322113,6.789515018463135,1.905259132385254,0.6512091159820557,0.07507527619600296,1.8526703119277954,12.329758644104004,5.261088848114014,0.3798522651195526,0.07507527619600296
16,4.128859043121338,0.03525684028863907,0.23735658824443817,6.321689605712891,1.9291503429412842,0.6565117835998535,0.08075757324695587,1.8952295780181885,12.769493103027344,6.343518257141113,0.36698073148727417,0.08075757324695587
17,4.2315826416015625,0.03021644428372383,0.2676209807395935,9.548128128051758,2.1792516708374023,0.6752803325653076,0.06988689303398132,2.437467098236084,14.161249160766602,5.562616348266602,0.41481930017471313,0.06988689303398132
18,4.154477119445801,0.03025851957499981,0.25360652804374695,9.984271049499512,2.0881171226501465,0.6499416828155518,0.09108762443065643,3.461531639099121,13.650442123413086,6.708674430847168,0.39131003618240356,0.09108762443065643
19,4.1465163230896,0.03464125841856003,0.21549761295318604,6.36308479309082,1.907968521118164,0.6695582866668701,0.06968650221824646,1.4332664012908936,11.868707656860352,5.101552963256836,0.3944268226623535,0.06968650221824646
20,4.203269004821777,0.03295692056417465,0.2523494362831116,6.2364115715026855,2.0409445762634277,0.6112083196640015,0.09765598177909851,1.8100264072418213,13.198942184448242,4.997308731079102,0.3744543194770813,0.09765598177909851
21,4.149765491485596,0.03274331986904144,0.2285352349281311,8.713776588439941,2.0551042556762695,0.6576541662216187,0.08770005404949188,3.01316499710083,12.794246673583984,5.049691200256348,0.41681739687919617,0.08770005404949188
22,4.110078811645508,0.029920212924480438,0.25410109758377075,8.122098922729492,2.0073602199554443,0.6187220811843872,0.09839853644371033,2.9139108657836914,13.565994262695312,5.037479400634766,0.38558682799339294,0.09839853644371033
23,4.234977722167969,0.031406935304403305,0.24949347972869873,6.956747531890869,2.15283203125,0.627088189125061,0.10009494423866272,1.9848003387451172,13.43658447265625,5.6889190673828125,0.40119481086730957,0.10009494423866272
24,4.166234493255615,0.02763749659061432,0.3000032603740692,6.492399215698242,2.2191314697265625,0.6216113567352295,0.11794783920049667,1.9862004518508911,15.911360740661621,5.92352294921875,0.4120701253414154,0.11794783920049667
25,4.202998638153076,0.03316755220293999,0.17335693538188934,6.617369174957275,1.8700997829437256,0.6279294490814209,0.08456313610076904,1.9697659015655518,9.09157657623291,4.907073974609375,0.3684503436088562,0.08456313610076904
26,4.124289035797119,0.03274887800216675,0.23473231494426727,11.858490943908691,2.0970423221588135,0.6588659286499023,0.08376385271549225,2.9565212726593018,12.489326477050781,5.345063209533691,0.4126614034175873,0.08376385271549225
27,4.077319145202637,0.02956145815551281,0.24478822946548462,5.407592296600342,2.141446828842163,0.6649055480957031,0.10268296301364899,1.7414591312408447,13.387046813964844,4.818328380584717,0.4242105484008789,0.10268296301364899
28,4.079400539398193,0.027895472943782806,0.2034081667661667,4.681612014770508,2.0126757621765137,0.6380492448806763,0.08289751410484314,1.8329002857208252,10.58622932434082,5.176431655883789,0.3893429636955261,0.08289751410484314
29,4.154849529266357,0.027881257236003876,0.2537083029747009,19.80585479736328,2.1840107440948486,0.7027111053466797,0.07824711501598358,6.141845703125,13.799629211425781,6.065122127532959,0.4383651614189148,0.07824711501598358
30,4.150838851928711,0.030677761882543564,0.21393291652202606,7.505227565765381,1.8786729574203491,0.6381175518035889,0.08989527076482773,2.1479923725128174,11.65487289428711,4.888793468475342,0.3856121301651001,0.08989527076482773
31,4.015542030334473,0.028329093009233475,0.20212721824645996,4.481453895568848,1.9876785278320312,0.6013697981834412,0.10881504416465759,1.2892038822174072,10.809738159179688,5.053600788116455,0.3662073016166687,0.10881504416465759
32,3.989252805709839,0.028835205361247063,0.26104500889778137,7.6522722244262695,2.2284858226776123,0.6474403142929077,0.12033046782016754,2.387373447418213,14.433551788330078,4.905645370483398,0.43920189142227173,0.12033046782016754
33,4.025672435760498,0.030059566721320152,0.1990170180797577,4.053718566894531,1.944029450416565,0.642349123954773,0.09554646909236908,1.0240880250930786,10.792306900024414,4.621373653411865,0.4024660587310791,0.09554646909236908
34,4.147195816040039,0.030880900099873543,0.2711363434791565,7.1266632080078125,2.3411941528320312,0.64891117811203,0.14286407828330994,2.3442258834838867,14.904479026794434,5.264699459075928,0.438937783241272,0.14286407828330994
35,4.108525276184082,0.03276369720697403,0.22733740508556366,3.5190000534057617,1.822718858718872,0.6098446846008301,0.09437376260757446,1.6229431629180908,12.205559730529785,5.12923002243042,0.3638903498649597,0.09437376260757446
36,4.019969463348389,0.02706129290163517,0.2566831707954407,5.705267906188965,2.219515323638916,0.6200189590454102,0.10672923922538757,1.840385913848877,13.801271438598633,5.432972431182861,0.4185623526573181,0.10672923922538757
37,3.985076665878296,0.030919494107365608,0.18370674550533295,7.524131774902344,1.872401237487793,0.5980292558670044,0.09259773790836334,2.4004809856414795,9.787038803100586,4.316235065460205,0.3647521436214447,0.09259773790836334
38,3.9397170543670654,0.028345663100481033,0.2455562949180603,4.806601524353027,2.245145320892334,0.6270126104354858,0.14574016630649567,1.7856919765472412,13.6265230178833,5.70333194732666,0.4176734387874603,0.14574016630649567
39,4.006047248840332,0.030666103586554527,0.21352985501289368,6.1265459060668945,2.021496295928955,0.632227897644043,0.10458074510097504,2.0537986755371094,11.827045440673828,4.844364643096924,0.4058390259742737,0.10458074510097504
40,3.9612162113189697,0.03029218316078186,0.17959275841712952,7.310708045959473,1.8814113140106201,0.626539945602417,0.09991595894098282,2.398573398590088,9.896871566772461,4.293388366699219,0.3977435529232025,0.09991595894098282
41,4.193606376647949,0.03218432888388634,0.21499018371105194,8.712514877319336,1.926087498664856,0.6130030751228333,0.10393394529819489,2.0730302333831787,11.548097610473633,5.283408164978027,0.389359712600708,0.10393394529819489
42,3.913060426712036,0.027233025059103966,0.24531297385692596,12.013126373291016,2.215019941329956,0.6252455711364746,0.1201237142086029,3.5937228202819824,13.249750137329102,5.935092926025391,0.41802793741226196,0.1201237142086029
43,3.8941171169281006,0.029464615508913994,0.21380206942558289,3.694622039794922,1.9677504301071167,0.6233595609664917,0.1253838986158371,0.8887898921966553,11.225512504577637,5.250707626342773,0.399061918258667,0.1253838986158371
44,3.9969983100891113,0.035733699798583984,0.17489342391490936,4.130843639373779,1.776167869567871,0.5787229537963867,0.08285659551620483,1.4380733966827393,9.148130416870117,4.158246040344238,0.3443104922771454,0.08285659551620483
45,3.8925585746765137,0.027435792610049248,0.244061678647995,5.065107345581055,2.20059871673584,0.6399441957473755,0.1070396676659584,1.8743598461151123,13.294130325317383,5.024370193481445,0.4247109293937683,0.1070396676659584
46,3.951794147491455,0.031505096703767776,0.2834448516368866,7.026027202606201,2.485994577407837,0.62830650806427,0.15346752107143402,2.385732889175415,15.440834045410156,5.260951042175293,0.4542630910873413,0.15346752107143402
47,3.859142303466797,0.030045771971344948,0.2241027057170868,5.427346229553223,1.8966988325119019,0.6168286204338074,0.10238637775182724,1.8921115398406982,11.861665725708008,5.123697280883789,0.38330644369125366,0.10238637775182724
48,3.9721148014068604,0.02905105985701084,0.24389080703258514,3.536245107650757,2.248223304748535,0.6157199144363403,0.141652911901474,1.275578498840332,13.244902610778809,5.184594631195068,0.42886096239089966,0.141652911901474
49,4.001091957092285,0.030275387689471245,0.20097780227661133,4.728872299194336,1.9801688194274902,0.6230526566505432,0.11092743277549744,1.6038222312927246,11.061290740966797,5.633532524108887,0.4032859802246094,0.11092743277549744
50,3.9683101177215576,0.030434710904955864,0.22561076283454895,7.843593597412109,2.166630268096924,0.6337509751319885,0.12860774993896484,2.3281490802764893,12.347394943237305,4.774001121520996,0.4112691283226013,0.12860774993896484
51,3.8552255630493164,0.03139934316277504,0.23670510947704315,5.677897930145264,2.1803441047668457,0.6163726449012756,0.16372331976890564,1.663732886314392,12.57917308807373,4.941584587097168,0.41102486848831177,0.16372331976890564
52,3.896953582763672,0.03028489463031292,0.23329883813858032,6.485746383666992,2.2052674293518066,0.6167848110198975,0.14602060616016388,2.0019664764404297,12.835417747497559,5.046567916870117,0.41396746039390564,0.14602060616016388
53,3.9720664024353027,0.0319388210773468,0.23226003348827362,7.741461753845215,2.0681307315826416,0.5810056924819946,0.11947546154260635,2.534726142883301,12.134608268737793,4.964727878570557,0.37887319922447205,0.11947546154260635
54,3.909562349319458,0.029176324605941772,0.24334591627120972,7.766176223754883,2.1164231300354004,0.6005462408065796,0.12667927145957947,2.3916711807250977,12.600005149841309,5.804685592651367,0.3916703462600708,0.12667927145957947
55,3.8499538898468018,0.029438292607665062,0.22380444407463074,3.6553049087524414,2.0527760982513428,0.5877315998077393,0.12466201186180115,1.4586656093597412,11.689207077026367,4.921719074249268,0.3725106120109558,0.12466201186180115
56,3.9244723320007324,0.03372587636113167,0.2194938361644745,4.249279975891113,1.9327282905578613,0.6008783578872681,0.11178578436374664,1.0608196258544922,11.717668533325195,4.8332414627075195,0.3800676763057709,0.11178578436374664
57,3.842005968093872,0.030577318742871284,0.2408968210220337,11.429281234741211,2.099954843521118,0.6042169332504272,0.14814084768295288,3.5243382453918457,12.664217948913574,4.863150119781494,0.390987366437912,0.14814084768295288
58,4.006475925445557,0.02751731686294079,0.30909180641174316,11.295867919921875,2.3518428802490234,0.6678264141082764,0.15645185112953186,3.701392889022827,17.048107147216797,7.725870132446289,0.4411097466945648,0.15645185112953186
59,3.8619797229766846,0.028790729120373726,0.22165191173553467,5.972058296203613,2.035789966583252,0.5954016447067261,0.15056025981903076,2.1086888313293457,11.907121658325195,5.094448566436768,0.3969385623931885,0.15056025981903076
60,3.798264265060425,0.030212894082069397,0.22485867142677307,4.36933708190918,1.9510306119918823,0.572737455368042,0.13104698061943054,1.4549343585968018,11.756998062133789,4.431408405303955,0.3651164472103119,0.13104698061943054
61,3.965763807296753,0.03193099424242973,0.24216453731060028,6.291436195373535,2.1571617126464844,0.6196186542510986,0.1388980746269226,2.1423277854919434,13.036664009094238,4.6959381103515625,0.4095403850078583,0.1388980746269226
62,3.8701629638671875,0.03138241544365883,0.21540062129497528,4.676503658294678,1.9077191352844238,0.6319701671600342,0.15426874160766602,0.7574220299720764,11.971739768981934,4.907470703125,0.399096816778183,0.15426874160766602
63,4.194632530212402,0.03191700205206871,0.18160077929496765,3.5968575477600098,1.8165960311889648,0.5779662132263184,0.11059576272964478,1.447791337966919,9.875798225402832,4.628357887268066,0.3572947382926941,0.11059576272964478
64,3.8439738750457764,0.02858433686196804,0.2103864848613739,7.439794540405273,1.8853415250778198,0.6000586152076721,0.14250993728637695,2.414142608642578,10.882429122924805,4.64353084564209,0.37465137243270874,0.14250993728637695
65,3.8047075271606445,0.03013218194246292,0.2483227699995041,9.93609619140625,2.285158395767212,0.6198692321777344,0.14341309666633606,3.213002920150757,13.625215530395508,5.006352424621582,0.42043179273605347,0.14341309666633606
66,3.838124990463257,0.029483983293175697,0.2138257473707199,5.684821605682373,1.947943925857544,0.6177345514297485,0.11566264927387238,2.18738055229187,11.719107627868652,4.053077220916748,0.39695268869400024,0.11566264927387238
67,3.9047629833221436,0.031130773946642876,0.2283022403717041,5.5783867835998535,2.2667949199676514,0.611977756023407,0.16046184301376343,1.339416742324829,12.251808166503906,5.510867595672607,0.4167037904262543,0.16046184301376343
68,3.8889520168304443,0.03094329684972763,0.2462359368801117,4.390341281890869,2.1213479042053223,0.5905113220214844,0.16717416048049927,1.6604613065719604,13.321475982666016,4.920914649963379,0.4017483592033386,0.16717416048049927
69,3.9791104793548584,0.03240141272544861,0.195079505443573,13.724340438842773,2.0013062953948975,0.6119505763053894,0.13126415014266968,4.144524097442627,10.38569450378418,5.72884464263916,0.401652455329895,0.13126415014266968
70,3.6849024295806885,0.029619125649333,0.2117994725704193,5.324755668640137,2.129680633544922,0.5997122526168823,0.15008094906806946,1.9707722663879395,11.397682189941406,5.058712959289551,0.4038286805152893,0.15008094906806946
71,3.8102362155914307,0.030785780400037766,0.21866600215435028,6.468753814697266,2.124685764312744,0.6081295609474182,0.15736742317676544,2.2479681968688965,12.067245483398438,5.179863929748535,0.42081713676452637,0.15736742317676544
72,3.8851630687713623,0.033281564712524414,0.17723135650157928,10.460805892944336,1.795128583908081,0.6192945241928101,0.09425364434719086,3.151930093765259,9.348220825195312,4.344590663909912,0.38785991072654724,0.09425364434719086
73,3.919769763946533,0.029612191021442413,0.2350962609052658,3.8929033279418945,2.1335787773132324,0.5924426317214966,0.14039403200149536,1.4872896671295166,12.903871536254883,4.852036476135254,0.39725780487060547,0.14039403200149536
74,3.740077018737793,0.02981826849281788,0.19946937263011932,4.862136363983154,2.096343517303467,0.6008567810058594,0.1526675671339035,1.7392127513885498,10.86713981628418,4.541045188903809,0.41059446334838867,0.1526675671339035
75,3.87386155128479,0.034434784203767776,0.2526308298110962,6.851454734802246,2.31330943107605,0.6127591133117676,0.1464087963104248,2.126889944076538,13.562883377075195,5.306585788726807,0.42178457975387573,0.1464087963104248
76,3.8514609336853027,0.028900442644953728,0.21836648881435394,11.138120651245117,2.0953493118286133,0.613124430179596,0.1403387188911438,3.403136968612671,11.899085998535156,4.72749662399292,0.41825854778289795,0.1403387188911438
77,3.7479970455169678,0.03244026005268097,0.1892469823360443,6.509019374847412,1.905106544494629,0.5741837024688721,0.12506899237632751,2.383970260620117,9.958208084106445,4.399424076080322,0.36004096269607544,0.12506899237632751
78,3.704381227493286,0.031354788690805435,0.2503538429737091,8.400781631469727,2.306565523147583,0.5967475175857544,0.17676086723804474,2.7147016525268555,13.54626750946045,4.9656081199646,0.42994773387908936,0.17676086723804474
79,3.734630584716797,0.029541747644543648,0.2484404444694519,4.411925315856934,2.271674871444702,0.5920736789703369,0.1556800901889801,1.8478199243545532,13.310220718383789,5.5490007400512695,0.4087499976158142,0.1556800901889801
80,3.736156940460205,0.03180989995598793,0.24838808178901672,4.324080944061279,2.225403308868408,0.5883227586746216,0.16379503905773163,1.5573711395263672,13.36355972290039,4.953560829162598,0.419849693775177,0.16379503905773163
81,3.8036441802978516,0.029456717893481255,0.18333947658538818,6.353455543518066,1.7722312211990356,0.5606807470321655,0.10424521565437317,2.070258140563965,9.330484390258789,4.851588249206543,0.3280353546142578,0.10424521565437317
82,3.820002555847168,0.03265580162405968,0.21870939433574677,7.84006404876709,2.083714008331299,0.594620406627655,0.13318517804145813,2.5036814212799072,11.643712997436523,4.609041213989258,0.39000868797302246,0.13318517804145813
83,3.688102960586548,0.0314677357673645,0.23711812496185303,10.339777946472168,2.1088783740997314,0.5891712307929993,0.14451974630355835,3.0864453315734863,12.534561157226562,4.79669189453125,0.3981693685054779,0.14451974630355835
84,3.613799810409546,0.031042013317346573,0.21886619925498962,2.934845209121704,2.1281871795654297,0.5989238619804382,0.1694505214691162,1.3867473602294922,11.97960376739502,4.683062553405762,0.3970673680305481,0.1694505214691162
85,3.6720032691955566,0.030722949653863907,0.1939888298511505,5.1253204345703125,1.8535990715026855,0.5669989585876465,0.11602461338043213,1.7504825592041016,10.234265327453613,4.057402610778809,0.34860098361968994,0.11602461338043213
86,3.665461778640747,0.031480539590120316,0.2485084980726242,6.765135765075684,2.291383743286133,0.5928291082382202,0.18597397208213806,2.3816628456115723,13.384978294372559,5.374721050262451,0.4250234067440033,0.18597397208213806
87,3.733058452606201,0.02961665764451027,0.22142736613750458,11.572139739990234,2.125694751739502,0.592369556427002,0.14838667213916779,3.424121379852295,11.814456939697266,4.867260932922363,0.39706307649612427,0.14838667213916779
88,3.8204028606414795,0.032023824751377106,0.2968260943889618,3.149172306060791,2.4918856620788574,0.6115067005157471,0.19320741295814514,0.8751378059387207,16.315767288208008,6.091603755950928,0.447610080242157,0.19320741295814514
89,3.7647266387939453,0.030700774863362312,0.17344169318675995,4.4827189445495605,1.8381896018981934,0.5786826610565186,0.1259852945804596,1.3870550394058228,9.02961540222168,4.007009029388428,0.3536525368690491,0.1259852945804596
90,3.691786527633667,0.029762618243694305,0.2026159018278122,3.6981606483459473,2.042421340942383,0.5822405815124512,0.13720163702964783,1.4767351150512695,10.811786651611328,4.699586868286133,0.395330011844635,0.13720163702964783
91,3.765817403793335,0.031002875417470932,0.22597245872020721,3.4019548892974854,2.119523525238037,0.5850489735603333,0.1459735631942749,1.5710124969482422,12.005660057067871,4.999490737915039,0.38152188062667847,0.1459735631942749
92,3.7194855213165283,0.03313104808330536,0.20010659098625183,6.057036876678467,1.9730864763259888,0.5945327877998352,0.1345294862985611,0.3177518844604492,10.442256927490234,4.9200544357299805,0.36669284105300903,0.1345294862985611
93,3.7434728145599365,0.032866913825273514,0.155514657497406,4.101929664611816,1.6023125648498535,0.5492585301399231,0.11205297708511353,1.673179268836975,7.854053497314453,4.3395490646362305,0.31094712018966675,0.11205297708511353
94,3.6943552494049072,0.03287593647837639,0.18340012431144714,3.4931180477142334,1.7251255512237549,0.5715819001197815,0.118229441344738,0.6890034079551697,9.972796440124512,5.381918907165527,0.3598002791404724,0.118229441344738
95,3.702737808227539,0.03130222111940384,0.2179618775844574,8.904709815979004,2.0495388507843018,0.605819821357727,0.15355898439884186,2.8662679195404053,11.791259765625,5.501932144165039,0.41272372007369995,0.15355898439884186
96,3.708958864212036,0.029377199709415436,0.22740089893341064,6.687778949737549,2.04518461227417,0.5731385946273804,0.14576727151870728,2.2691311836242676,11.877165794372559,4.928366184234619,0.3773069977760315,0.14576727151870728
97,3.858599901199341,0.03159140795469284,0.1764284074306488,3.722656726837158,1.8279426097869873,0.5670974254608154,0.13511669635772705,0.7644209861755371,9.458104133605957,4.180462837219238,0.3719055652618408,0.13511669635772705
98,3.7429819107055664,0.032783228904008865,0.22115831077098846,10.491622924804688,2.1333529949188232,0.6087766885757446,0.14512604475021362,3.1045594215393066,11.833189010620117,4.99887228012085,0.4217716157436371,0.14512604475021362
99,3.627155065536499,0.029668686911463737,0.16615711152553558,4.144453048706055,1.7545239925384521,0.561608076095581,0.09355150163173676,1.67388117313385,8.705702781677246,4.387725353240967,0.3235090374946594,0.09355150163173676
100,3.6912593841552734,0.030221521854400635,0.2201542854309082,4.043368339538574,2.194180965423584,0.6001676321029663,0.16745570302009583,1.5750973224639893,11.841728210449219,5.10429573059082,0.40215691924095154,0.16745570302009583
101,3.7569823265075684,0.03464895859360695,0.22387151420116425,4.589287281036377,1.9944744110107422,0.5828309655189514,0.14652594923973083,0.7899196147918701,11.438220024108887,5.141085624694824,0.36961042881011963,0.14652594923973083
102,3.8432118892669678,0.036310140043497086,0.26183968782424927,5.745243549346924,2.2654035091400146,0.6078953742980957,0.21051663160324097,2.3489696979522705,14.23392105102539,5.391528129577637,0.44735342264175415,0.21051663160324097
103,3.707730770111084,0.03457270562648773,0.1682957112789154,5.1597137451171875,1.8231480121612549,0.5879727602005005,0.1395719051361084,1.7597179412841797,9.183327674865723,4.261441230773926,0.3691757321357727,0.1395719051361084
104,3.8749537467956543,0.03386958688497543,0.27578431367874146,4.625918865203857,2.3150596618652344,0.6020649671554565,0.1901593804359436,1.8011445999145508,14.797150611877441,5.346074104309082,0.42911550402641296,0.1901593804359436
105,3.801046371459961,0.03390062227845192,0.17354224622249603,4.697892665863037,1.7420202493667603,0.5860626697540283,0.14238303899765015,1.77164626121521,9.162251472473145,4.437114238739014,0.3699684143066406,0.14238303899765015
106,3.8269898891448975,0.03389491140842438,0.24407081305980682,2.301812171936035,2.231834888458252,0.6087461113929749,0.16931748390197754,1.1692167520523071,13.418041229248047,4.838137626647949,0.4260407090187073,0.16931748390197754
107,3.749692678451538,0.03258785977959633,0.2508786916732788,3.6715731620788574,2.2460978031158447,0.5948414206504822,0.1738983392715454,1.3812249898910522,13.89719295501709,5.140412330627441,0.42482972145080566,0.1738983392715454
108,3.8054113388061523,0.03658260032534599,0.277015745639801,8.024704933166504,2.1936724185943604,0.5940505862236023,0.14534065127372742,2.5063679218292236,14.871707916259766,4.9853715896606445,0.39713382720947266,0.14534065127372742
109,3.8076603412628174,0.0335354208946228,0.21842794120311737,5.669353485107422,1.9679453372955322,0.5890535116195679,0.13861078023910522,2.382457733154297,11.529930114746094,4.957046985626221,0.3652554452419281,0.13861078023910522
110,3.6502676010131836,0.03266860172152519,0.18405525386333466,4.122572898864746,1.935600996017456,0.5862802863121033,0.14487703144550323,1.6743385791778564,9.702737808227539,4.779388427734375,0.381534218788147,0.14487703144550323
111,3.6719906330108643,0.03522539511322975,0.19829007983207703,2.8179097175598145,1.9268208742141724,0.5561853647232056,0.15812061727046967,1.085976481437683,10.625120162963867,4.62985897064209,0.365731805562973,0.15812061727046967
112,3.750328540802002,0.03546120226383209,0.2580209970474243,3.049370527267456,2.2748208045959473,0.6075500249862671,0.22147789597511292,1.4816806316375732,13.890233993530273,5.457173824310303,0.4315074682235718,0.22147789597511292
113,3.8365092277526855,0.03456707298755646,0.2098386287689209,5.474793434143066,2.0578982830047607,0.589776873588562,0.173227921128273,1.8023622035980225,11.241291046142578,5.079928874969482,0.4075649380683899,0.173227921128273
114,3.724628448486328,0.03238280862569809,0.15652327239513397,8.13071346282959,1.6464232206344604,0.5544665455818176,0.10225854814052582,2.6071884632110596,8.100912094116211,4.5603814125061035,0.3299458622932434,0.10225854814052582
115,3.787524461746216,0.03363294526934624,0.18222308158874512,2.439323902130127,1.7718334197998047,0.5877367258071899,0.14953947067260742,0.9127403497695923,9.79935073852539,4.078688621520996,0.3582717180252075,0.14953947067260742
116,3.7374486923217773,0.034322187304496765,0.2782841920852661,3.032665491104126,2.469644546508789,0.5984262228012085,0.23513080179691315,1.4497114419937134,15.259176254272461,5.568563938140869,0.44329094886779785,0.23513080179691315
117,3.819624185562134,0.03331189230084419,0.24726486206054688,4.971453666687012,2.1625216007232666,0.5954748392105103,0.1628873348236084,1.5855650901794434,13.445899963378906,4.939202308654785,0.4159361720085144,0.1628873348236084
118,3.68935489654541,0.03362126275897026,0.24813711643218994,5.292861461639404,2.207775115966797,0.6007341146469116,0.18210384249687195,1.7288331985473633,13.295572280883789,5.532512187957764,0.4216749668121338,0.18210384249687195
119,3.709683656692505,0.032636936753988266,0.22322039306163788,2.4754855632781982,2.1066315174102783,0.5843538641929626,0.18306216597557068,1.054856777191162,12.17460823059082,5.330962657928467,0.41926467418670654,0.18306216597557068
120,3.7310631275177,0.03425547108054161,0.15044552087783813,6.522162437438965,1.527585744857788,0.5409965515136719,0.1095031201839447,2.316145896911621,7.8046650886535645,3.659971237182617,0.29715317487716675,0.1095031201839447
121,3.689833164215088,0.033103443682193756,0.17685088515281677,5.600131988525391,1.860520362854004,0.5822852253913879,0.16302166879177094,2.137962818145752,9.537612915039062,4.732971668243408,0.38517284393310547,0.16302166879177094
122,3.744091033935547,0.03442372381687164,0.24979469180107117,3.906245708465576,2.1771745681762695,0.5657775402069092,0.1779765784740448,1.6585211753845215,13.284082412719727,5.240490913391113,0.40423911809921265,0.1779765784740448
123,3.735910415649414,0.03582976758480072,0.16606198251247406,6.515110015869141,1.7325317859649658,0.5274313688278198,0.09924884140491486,2.2183620929718018,8.939313888549805,3.6546359062194824,0.3195388913154602,0.09924884140491486
124,3.6881825923919678,0.03313922882080078,0.18854069709777832,6.540093898773193,1.9347079992294312,0.5635075569152832,0.13473427295684814,2.43790864944458,9.25294303894043,5.755523681640625,0.33198294043540955,0.13473427295684814
125,3.7036690711975098,0.03341856971383095,0.1780015230178833,8.521256446838379,1.882470726966858,0.5852044820785522,0.15447020530700684,2.7765092849731445,9.33565616607666,5.627580642700195,0.3926723003387451,0.15447020530700684
126,3.7666025161743164,0.033014170825481415,0.2047857940196991,4.302954196929932,1.9915659427642822,0.5815770030021667,0.15412205457687378,1.669561743736267,11.034528732299805,4.6038994789123535,0.3912604749202728,0.15412205457687378
127,3.6723580360412598,0.034117694944143295,0.20288382470607758,4.06559944152832,1.9496515989303589,0.5736109614372253,0.16826224327087402,1.148094654083252,10.970722198486328,4.641263961791992,0.3728795051574707,0.16826224327087402
128,3.696082830429077,0.032722439616918564,0.26200494170188904,6.184782028198242,2.368410348892212,0.5859019756317139,0.2065584361553192,2.2325291633605957,14.071447372436523,5.649185657501221,0.4249594211578369,0.2065584361553192
129,3.7065305709838867,0.03434200584888458,0.1798286736011505,5.124953746795654,1.77262282371521,0.5413904190063477,0.12943270802497864,1.3581655025482178,9.242756843566895,4.228522300720215,0.32148659229278564,0.12943270802497864
130,3.7867095470428467,0.036324284970760345,0.20673969388008118,4.475276947021484,2.012521743774414,0.5791832208633423,0.16827049851417542,1.0447596311569214,10.887389183044434,5.004474639892578,0.3865336775779724,0.16827049851417542
131,3.6304385662078857,0.035650886595249176,0.19637656211853027,3.200376033782959,1.9007962942123413,0.5544889569282532,0.1811521351337433,0.7261265516281128,11.012751579284668,4.438909530639648,0.3789794445037842,0.1811521351337433
132,3.6866233348846436,0.03448464348912239,0.21057695150375366,2.743832588195801,1.9071627855300903,0.5813878774642944,0.14009468257427216,0.844673752784729,11.274703979492188,4.715847015380859,0.36981767416000366,0.14009468257427216
133,3.693544864654541,0.0340702123939991,0.18037860095500946,4.524173736572266,1.7860767841339111,0.5378344058990479,0.14070001244544983,1.7650749683380127,9.641857147216797,4.004212379455566,0.3341696262359619,0.14070001244544983
134,3.672075033187866,0.03412643074989319,0.22833070158958435,3.0106406211853027,2.0694708824157715,0.5668275356292725,0.17523151636123657,1.6195251941680908,12.374990463256836,4.7894415855407715,0.3817354142665863,0.17523151636123657
135,3.7589969635009766,0.033962514251470566,0.23592478036880493,8.517219543457031,2.171522617340088,0.5869023203849792,0.1627514362335205,2.852156639099121,12.466835975646973,4.6302571296691895,0.4050433039665222,0.1627514362335205
136,3.627286672592163,0.034413084387779236,0.17237457633018494,6.3122358322143555,1.8493309020996094,0.5858988761901855,0.15374980866909027,2.421342134475708,9.364690780639648,4.419953346252441,0.37167295813560486,0.15374980866909027
137,3.641404628753662,0.034713614732027054,0.1565614640712738,3.6348562240600586,1.6432249546051025,0.5556682348251343,0.11847205460071564,1.7209243774414062,7.9639105796813965,3.907017946243286,0.31754064559936523,0.11847205460071564
138,3.621318817138672,0.032973285764455795,0.16620470583438873,6.256656646728516,1.7510972023010254,0.5589721202850342,0.1247483491897583,2.3104872703552246,8.994847297668457,4.218069553375244,0.3497426509857178,0.1247483491897583
139,3.71572208404541,0.035149719566106796,0.2252398580312729,4.882231712341309,2.1345582008361816,0.5914509296417236,0.16952022910118103,1.8583605289459229,12.472735404968262,4.735030174255371,0.42767196893692017,0.16952022910118103
140,3.685084104537964,0.032978419214487076,0.20199696719646454,4.235241889953613,2.0784032344818115,0.5725216269493103,0.17025834321975708,2.0008177757263184,10.536760330200195,5.280275344848633,0.381828635931015,0.17025834321975708
141,3.598543882369995,0.033530429005622864,0.2104019820690155,4.634098052978516,2.0618958473205566,0.5762802958488464,0.14992249011993408,1.7292542457580566,10.991369247436523,5.131196975708008,0.3952382504940033,0.14992249011993408
142,3.6175901889801025,0.03527577221393585,0.19636230170726776,3.8148038387298584,1.882288932800293,0.5695350170135498,0.1481636017560959,1.1600521802902222,10.900298118591309,4.318052291870117,0.39000552892684937,0.1481636017560959
143,3.863497257232666,0.03459640592336655,0.23531994223594666,10.445948600769043,2.169276475906372,0.5942266583442688,0.17249485850334167,3.4810142517089844,12.846823692321777,5.020564079284668,0.43503302335739136,0.17249485850334167
144,3.5427279472351074,0.03579108417034149,0.20011430978775024,3.469856023788452,2.0745327472686768,0.5827013254165649,0.17371731996536255,1.486279010772705,10.858953475952148,4.9198760986328125,0.40772563219070435,0.17371731996536255
145,3.606387138366699,0.0332610085606575,0.22186653316020966,5.8098602294921875,2.1161341667175293,0.5947496294975281,0.16447564959526062,2.2075374126434326,12.107160568237305,5.252052307128906,0.40251779556274414,0.16447564959526062
146,3.657520294189453,0.03566048666834831,0.1786925047636032,4.420892238616943,1.8756849765777588,0.5782017707824707,0.16285277903079987,0.8222828507423401,9.89852237701416,4.491633892059326,0.39620280265808105,0.16285277903079987
147,3.6471447944641113,0.032181769609451294,0.2826305329799652,5.550326347351074,2.3843164443969727,0.5924880504608154,0.18298591673374176,2.0411834716796875,15.334047317504883,5.109600067138672,0.42011839151382446,0.18298591673374176
148,3.6502957344055176,0.0348379872739315,0.24425861239433289,4.388213157653809,2.208056926727295,0.5897184610366821,0.19049984216690063,0.9342247247695923,13.360366821289062,4.795583248138428,0.4285357594490051,0.19049984216690063
149,3.6316893100738525,0.03425655886530876,0.198248952627182,7.66278076171875,2.046408176422119,0.5843542814254761,0.17563104629516602,2.980973720550537,10.82676887512207,5.024605751037598,0.41407066583633423,0.17563104629516602
150,3.644456386566162,0.03586024418473244,0.2541516423225403,4.244534492492676,2.335867166519165,0.6101318597793579,0.19920757412910461,1.781273365020752,13.897336959838867,5.528365612030029,0.4361771047115326,0.19920757412910461
151,3.6062092781066895,0.033509548753499985,0.20235934853553772,3.5630850791931152,1.9312043190002441,0.5390347242355347,0.1488402783870697,1.3104054927825928,10.93704605102539,3.978347063064575,0.3434106111526489,0.1488402783870697
152,3.6235883235931396,0.03148093819618225,0.24132578074932098,5.529797554016113,2.258525848388672,0.5864322185516357,0.2044174075126648,2.134354591369629,13.091127395629883,4.764621734619141,0.4251096844673157,0.2044174075126648
153,3.7540862560272217,0.03365517407655716,0.23175391554832458,7.0567755699157715,2.1182479858398438,0.5902215838432312,0.1737653911113739,3.1677489280700684,12.573719024658203,5.12287712097168,0.3940091133117676,0.1737653911113739
154,3.7311339378356934,0.03485294058918953,0.21950595080852509,2.610036611557007,2.1171531677246094,0.6026175022125244,0.16013690829277039,1.215409517288208,11.954566955566406,4.5034499168396,0.41970300674438477,0.16013690829277039
155,3.6161739826202393,0.031888678669929504,0.21020805835723877,6.821597576141357,2.0009753704071045,0.567613422870636,0.15121549367904663,2.428915500640869,11.230802536010742,4.558498859405518,0.37176793813705444,0.15121549367904663
156,3.6850273609161377,0.03413943201303482,0.2541617155075073,3.4792754650115967,2.222670555114746,0.61273193359375,0.2105913907289505,1.011044979095459,13.871888160705566,5.578792572021484,0.42817872762680054,0.2105913907289505
157,3.7502708435058594,0.036609914153814316,0.17138926684856415,5.587980270385742,1.8520796298980713,0.5680545568466187,0.1428394615650177,1.995459794998169,9.150518417358398,4.016271591186523,0.3595837950706482,0.1428394615650177
158,3.6373534202575684,0.03417171910405159,0.16685137152671814,5.979506492614746,1.7337504625320435,0.5733177661895752,0.13357970118522644,2.1279969215393066,9.029444694519043,4.024013519287109,0.3533363938331604,0.13357970118522644
159,3.689612865447998,0.03191119804978371,0.19707781076431274,4.886308670043945,1.9268163442611694,0.5774047374725342,0.16843268275260925,2.0605649948120117,10.429464340209961,4.797578811645508,0.3790949285030365,0.16843268275260925
160,3.6352529525756836,0.0336119644343853,0.18336951732635498,5.073470115661621,1.887769103050232,0.5739029049873352,0.1620170772075653,2.1878302097320557,9.984237670898438,4.973929405212402,0.38910648226737976,0.1620170772075653
161,3.58843731880188,0.03301367163658142,0.19388823211193085,2.835392951965332,1.9270176887512207,0.5642332434654236,0.1528993844985962,1.41627836227417,10.598777770996094,4.577589988708496,0.37838634848594666,0.1528993844985962
162,3.750075101852417,0.0344339981675148,0.2239583432674408,10.481918334960938,2.156775712966919,0.5874775648117065,0.1516844928264618,3.420046329498291,11.747220039367676,5.201475143432617,0.3804728388786316,0.1516844928264618
163,3.6163511276245117,0.033393509685993195,0.23341584205627441,6.771396160125732,2.1848268508911133,0.5708374977111816,0.18168622255325317,2.4888556003570557,12.583943367004395,5.158913612365723,0.39846181869506836,0.18168622255325317
164,3.5747971534729004,0.032749202102422714,0.19568566977977753,2.982309341430664,1.988607406616211,0.5533381700515747,0.15439844131469727,1.528296709060669,10.548693656921387,4.625436305999756,0.37535107135772705,0.15439844131469727
165,3.5700185298919678,0.033036865293979645,0.149149090051651,4.686988830566406,1.6724103689193726,0.5425097942352295,0.13840332627296448,1.7858338356018066,7.902376651763916,4.184847831726074,0.34287029504776,0.13840332627296448
166,3.6671080589294434,0.03421426936984062,0.18327823281288147,9.648332595825195,1.8670730590820312,0.578020453453064,0.12938831746578217,3.2653253078460693,9.917922019958496,4.4903411865234375,0.38103756308555603,0.12938831746578217
167,3.547630786895752,0.035647422075271606,0.14458011090755463,7.574525356292725,1.634796380996704,0.5235791802406311,0.11604142189025879,1.8149404525756836,7.481677055358887,4.039361000061035,0.30086055397987366,0.11604142189025879
168,3.5357308387756348,0.034224867820739746,0.19228605926036835,4.936124324798584,1.9521948099136353,0.5538874864578247,0.15605780482292175,1.968043327331543,10.222944259643555,4.7235798835754395,0.36185163259506226,0.15605780482292175
169,3.5272722244262695,0.032741729170084,0.15974536538124084,6.500082015991211,1.744841456413269,0.5403249859809875,0.13181929290294647,2.545760154724121,8.154136657714844,4.044310569763184,0.31866583228111267,0.13181929290294647
170,3.5351924896240234,0.034045711159706116,0.16983699798583984,3.539696216583252,1.6955552101135254,0.5611217021942139,0.13908618688583374,1.4528779983520508,8.884296417236328,4.190001487731934,0.32635053992271423,0.13908618688583374
171,3.6725053787231445,0.034865569323301315,0.1822039783000946,5.934554576873779,1.8579109907150269,0.5563234686851501,0.15881608426570892,2.2688241004943848,9.806183815002441,4.024044036865234,0.3757554292678833,0.15881608426570892
172,3.4953088760375977,0.03236250951886177,0.19542181491851807,3.219040632247925,1.9325530529022217,0.5515813827514648,0.16041307151317596,1.3798855543136597,10.32314682006836,4.341731548309326,0.36783504486083984,0.16041307151317596
173,3.4773659706115723,0.03249744325876236,0.16743436455726624,2.4654929637908936,1.8389257192611694,0.5691111087799072,0.16092520952224731,1.1510735750198364,8.784317016601562,4.712433815002441,0.3819272518157959,0.16092520952224731
174,3.6863853931427,0.033984020352363586,0.25009268522262573,3.924654960632324,2.2703394889831543,0.5820205807685852,0.16298221051692963,1.4659823179244995,13.512253761291504,4.57240104675293,0.4047170579433441,0.16298221051692963
175,3.6477112770080566,0.03335672616958618,0.24746716022491455,7.953765869140625,2.259566068649292,0.5866433382034302,0.2116692066192627,2.9117484092712402,13.584660530090332,6.331607818603516,0.435152530670166,0.2116692066192627
176,3.576186180114746,0.03505343198776245,0.2031572312116623,3.0366220474243164,1.977919340133667,0.5699310302734375,0.14753487706184387,1.297637939453125,11.206650733947754,4.443321704864502,0.3759797513484955,0.14753487706184387
177,3.651010513305664,0.03360021114349365,0.2307032346725464,4.089180946350098,2.1303019523620605,0.5767949819564819,0.16876216232776642,1.4623386859893799,12.378640174865723,4.965292930603027,0.3977685868740082,0.16876216232776642
178,3.6570215225219727,0.0330202542245388,0.2405758798122406,7.4566450119018555,2.183307647705078,0.5846959352493286,0.17237111926078796,2.7715542316436768,12.907238960266113,4.973299026489258,0.3985914885997772,0.17237111926078796
179,3.534489393234253,0.03476247191429138,0.17681674659252167,6.105450630187988,1.8368110656738281,0.5342665314674377,0.1572902500629425,2.300734281539917,9.506084442138672,3.9261281490325928,0.35480520129203796,0.1572902500629425
180,3.546624183654785,0.03517671301960945,0.17617955803871155,3.856815814971924,1.9008548259735107,0.5556527972221375,0.15765826404094696,1.2761038541793823,9.570096015930176,4.753974914550781,0.3588394522666931,0.15765826404094696
181,3.541241407394409,0.03285575658082962,0.18405508995056152,5.055706977844238,1.9006578922271729,0.5673842430114746,0.1503528207540512,1.9804513454437256,10.080585479736328,4.484089374542236,0.3821262717247009,0.1503528207540512
182,3.6165919303894043,0.033310506492853165,0.22894667088985443,2.26944637298584,2.2231831550598145,0.5892899632453918,0.18189531564712524,1.3532812595367432,12.623690605163574,5.048681259155273,0.4200438857078552,0.18189531564712524
183,3.6491689682006836,0.03208393603563309,0.21212315559387207,4.9969892501831055,2.026034355163574,0.5701313018798828,0.15277782082557678,1.5939944982528687,11.534361839294434,4.462693214416504,0.3746004104614258,0.15277782082557678
184,3.6865909099578857,0.036409445106983185,0.24348434805870056,5.843142509460449,2.2369260787963867,0.5717263221740723,0.19271674752235413,2.3989596366882324,13.083951950073242,4.72641658782959,0.39434489607810974,0.19271674752235413
185,3.4742579460144043,0.03417905792593956,0.1948382556438446,4.677340030670166,1.9788784980773926,0.571319580078125,0.17491130530834198,1.5144104957580566,10.831517219543457,4.501355171203613,0.406459778547287,0.17491130530834198
186,3.5007200241088867,0.033912114799022675,0.2036067247390747,5.9152631759643555,2.000033378601074,0.5819602012634277,0.1470823585987091,2.066582441329956,10.988260269165039,4.63563871383667,0.3904457986354828,0.1470823585987091
187,3.559657573699951,0.03335866704583168,0.22639036178588867,4.708189964294434,2.026653289794922,0.5698019862174988,0.16829028725624084,1.378589391708374,12.037483215332031,4.553288459777832,0.3627403676509857,0.16829028725624084
188,3.7706997394561768,0.03186561167240143,0.2385028600692749,8.67965316772461,2.2442262172698975,0.5887627601623535,0.19478236138820648,3.156512975692749,12.807012557983398,5.2098164558410645,0.42787355184555054,0.19478236138820648
189,3.6774890422821045,0.03488512709736824,0.21139761805534363,6.408287048339844,2.09835147857666,0.582095205783844,0.1708112508058548,2.236386299133301,11.51022720336914,4.672947883605957,0.4206133484840393,0.1708112508058548
190,3.5186831951141357,0.03221549838781357,0.2238650918006897,3.0915560722351074,2.1901233196258545,0.5906275510787964,0.18800249695777893,1.0696208477020264,12.336616516113281,4.6579084396362305,0.40302175283432007,0.18800249695777893
191,3.5966014862060547,0.03385153040289879,0.26138001680374146,3.2775650024414062,2.367783546447754,0.5905710458755493,0.21629412472248077,1.571661353111267,14.373041152954102,5.527219772338867,0.44380658864974976,0.21629412472248077
192,3.5920040607452393,0.03333267942070961,0.21480701863765717,6.0187530517578125,2.0948309898376465,0.5608559846878052,0.17977866530418396,2.579253911972046,11.440725326538086,4.904209136962891,0.38988012075424194,0.17977866530418396
193,3.5608303546905518,0.035623062402009964,0.17891737818717957,4.815904140472412,1.8613085746765137,0.5617121458053589,0.14242804050445557,1.8246536254882812,9.887431144714355,3.90189266204834,0.379159152507782,0.14242804050445557
194,3.4667611122131348,0.03313656896352768,0.17047247290611267,3.9975147247314453,1.8403360843658447,0.552273690700531,0.13455480337142944,1.7355294227600098,9.396527290344238,3.780208110809326,0.362762451171875,0.13455480337142944
195,3.594358205795288,0.0344204418361187,0.19250726699829102,7.5908989906311035,1.8894468545913696,0.5583792924880981,0.14128056168556213,2.5691170692443848,10.421873092651367,5.296039581298828,0.3539528548717499,0.14128056168556213
196,3.4749274253845215,0.03424498811364174,0.1958642452955246,7.207304954528809,1.867743730545044,0.5490394830703735,0.15529650449752808,2.59883451461792,10.095527648925781,4.296989440917969,0.34027713537216187,0.15529650449752808
197,3.4401910305023193,0.033473871648311615,0.21888771653175354,5.42643928527832,2.1559805870056152,0.5979982614517212,0.18053120374679565,1.9988070726394653,12.107029914855957,4.730671405792236,0.42826980352401733,0.18053120374679565
198,3.522604465484619,0.03256630524992943,0.19475901126861572,3.6413140296936035,2.013033866882324,0.5843281149864197,0.17638784646987915,1.7093183994293213,10.582277297973633,4.715542793273926,0.40341436862945557,0.17638784646987915
199,3.579742431640625,0.03249851614236832,0.18894027173519135,5.445639610290527,1.892196774482727,0.5592645406723022,0.13512974977493286,2.2585020065307617,9.882936477661133,4.273984909057617,0.335833877325058,0.13512974977493286
200,3.5562474727630615,0.03442608565092087,0.18575412034988403,3.738762855529785,1.9776571989059448,0.5598758459091187,0.15548574924468994,1.658522367477417,9.718050956726074,4.868593692779541,0.36562681198120117,0.15548574924468994
201,3.5878849029541016,0.03236294165253639,0.22879743576049805,5.955953598022461,2.1907849311828613,0.580296516418457,0.2009817361831665,2.4215404987335205,12.388873100280762,5.37451171875,0.3928271234035492,0.2009817361831665
202,3.6632590293884277,0.032434046268463135,0.21247486770153046,8.869128227233887,2.0984506607055664,0.5708374381065369,0.15528273582458496,3.0781309604644775,11.258638381958008,4.504350185394287,0.3870742917060852,0.15528273582458496
203,3.517885684967041,0.036195334047079086,0.18598298728466034,5.350732803344727,1.937300205230713,0.544906497001648,0.15138772130012512,1.950181007385254,9.869744300842285,5.060788631439209,0.36623162031173706,0.15138772130012512
204,3.503230571746826,0.034961000084877014,0.20251533389091492,2.5064918994903564,2.0551650524139404,0.5638959407806396,0.17216266691684723,1.0868825912475586,10.89283275604248,4.5518879890441895,0.3815469741821289,0.17216266691684723
205,3.5060346126556396,0.03455273434519768,0.27535364031791687,4.0880231857299805,2.376255512237549,0.6094993352890015,0.21817854046821594,1.4595530033111572,14.936371803283691,5.057114601135254,0.4361612796783447,0.21817854046821594
206,3.496018171310425,0.03281646966934204,0.18406569957733154,2.7525954246520996,1.965093731880188,0.5422521233558655,0.15243065357208252,1.5581321716308594,9.862615585327148,4.296895980834961,0.3635402321815491,0.15243065357208252
207,3.4830265045166016,0.03286726027727127,0.19933132827281952,5.5076093673706055,2.0958127975463867,0.5742436647415161,0.16631755232810974,2.1377854347229004,10.632339477539062,4.722806930541992,0.3941722512245178,0.16631755232810974
208,3.5737311840057373,0.03513290733098984,0.19634577631950378,5.709891319274902,2.0348401069641113,0.5834458470344543,0.18162062764167786,2.032301902770996,10.72919750213623,4.653034210205078,0.40315842628479004,0.18162062764167786
209,3.58650279045105,0.03319635987281799,0.18477511405944824,4.178104400634766,1.8901984691619873,0.5626799464225769,0.15729466080665588,1.6969575881958008,10.001321792602539,4.543768882751465,0.3738439083099365,0.15729466080665588
210,3.45267391204834,0.03214515000581741,0.2013763189315796,4.195279121398926,2.076300621032715,0.5697777271270752,0.1766280233860016,1.8290901184082031,10.809778213500977,4.849543571472168,0.39463430643081665,0.1766280233860016
211,3.432342290878296,0.03529256954789162,0.13013800978660583,4.046229362487793,1.5887937545776367,0.5318602323532104,0.12730371952056885,1.5707871913909912,7.249198913574219,3.7413086891174316,0.34327468276023865,0.12730371952056885
212,3.5816659927368164,0.034643933176994324,0.2565400004386902,7.577908039093018,2.3463916778564453,0.592021107673645,0.20155498385429382,2.6684446334838867,13.841081619262695,5.074653625488281,0.4326176345348358,0.20155498385429382
213,3.5866260528564453,0.03213238716125488,0.23420202732086182,7.5105509757995605,2.244296073913574,0.578074038028717,0.18522898852825165,2.6371891498565674,12.861560821533203,4.835047721862793,0.4198421835899353,0.18522898852825165
214,3.4378716945648193,0.03278502821922302,0.1746969223022461,5.43234395980835,1.842513918876648,0.5281091928482056,0.13838887214660645,2.081602096557617,9.388423919677734,4.215738296508789,0.35006722807884216,0.13838887214660645
215,3.477081775665283,0.03284386545419693,0.15281307697296143,3.4437460899353027,1.6525108814239502,0.5053774118423462,0.1021934375166893,1.4108986854553223,7.979519844055176,3.8681368827819824,0.28527021408081055,0.1021934375166893
216,3.480769395828247,0.03449443355202675,0.19224004447460175,6.748754978179932,1.982635498046875,0.5592329502105713,0.1653798520565033,2.3501994609832764,10.328688621520996,4.1668901443481445,0.3818795680999756,0.1653798520565033
217,3.4806458950042725,0.03386848419904709,0.19394241273403168,2.563286304473877,2.039393901824951,0.5840078592300415,0.18021902441978455,1.0968377590179443,10.47885513305664,4.699553489685059,0.41230615973472595,0.18021902441978455
218,3.51521635055542,0.03249884024262428,0.21042905747890472,3.768263578414917,2.060509204864502,0.5687075257301331,0.17815953493118286,1.549356460571289,11.157461166381836,4.656434059143066,0.3656572103500366,0.17815953493118286
219,3.5064783096313477,0.03200051560997963,0.2471078336238861,3.3437952995300293,2.348233699798584,0.5935802459716797,0.23375840485095978,1.6213675737380981,13.488389015197754,4.864548206329346,0.4287279546260834,0.23375840485095978
220,3.426830530166626,0.03493769094347954,0.17340970039367676,3.450678825378418,1.9795845746994019,0.5751457810401917,0.17972540855407715,1.5396199226379395,9.472970962524414,4.635702133178711,0.40137895941734314,0.17972540855407715
221,3.542923927307129,0.03343714773654938,0.2251831293106079,6.977743148803711,2.0981011390686035,0.5682506561279297,0.16865217685699463,2.578260898590088,12.050886154174805,4.311048984527588,0.38701939582824707,0.16865217685699463
222,3.4608359336853027,0.03445471078157425,0.1597042679786682,4.137079238891602,1.7347805500030518,0.5573170185089111,0.13657385110855103,1.8310470581054688,8.754560470581055,3.7906651496887207,0.3525993824005127,0.13657385110855103
223,3.532252788543701,0.03169052675366402,0.21422849595546722,4.251676559448242,2.1258058547973633,0.5749399065971375,0.16776473820209503,0.8295131325721741,12.01517105102539,4.286020278930664,0.4145589768886566,0.16776473820209503
224,3.4477596282958984,0.03417973220348358,0.16138780117034912,3.962104558944702,1.8563498258590698,0.5642890930175781,0.16414281725883484,1.207234263420105,8.842037200927734,4.386653900146484,0.3965522050857544,0.16414281725883484
225,3.486987352371216,0.03233853727579117,0.2182929515838623,3.1828103065490723,2.182095766067505,0.5755645036697388,0.1760948896408081,1.4590075016021729,11.788843154907227,4.858733654022217,0.4007761478424072,0.1760948896408081
226,3.4545249938964844,0.03342660516500473,0.15473268926143646,9.670245170593262,1.8547199964523315,0.5681953430175781,0.14086182415485382,3.641444206237793,8.45666217803955,4.215129852294922,0.3833276629447937,0.14086182415485382
227,3.52469801902771,0.03259556367993355,0.2147803157567978,3.2443675994873047,2.1370553970336914,0.5546633005142212,0.17367956042289734,1.103212594985962,11.561434745788574,4.280272483825684,0.3712061643600464,0.17367956042289734
228,3.51450514793396,0.03278332203626633,0.2190619558095932,5.18972635269165,2.2076127529144287,0.5840271711349487,0.20581352710723877,2.3055033683776855,11.894536972045898,4.980356216430664,0.4091714322566986,0.20581352710723877
229,3.500377893447876,0.034140415489673615,0.19256111979484558,4.112054347991943,2.040611505508423,0.5916878581047058,0.1669166088104248,1.7035675048828125,10.509574890136719,5.092947959899902,0.3950843811035156,0.1669166088104248
230,3.562678337097168,0.03272850811481476,0.21438632905483246,4.74357271194458,2.0758399963378906,0.5569295883178711,0.1644459217786789,1.9154136180877686,11.325593948364258,5.081032752990723,0.36288294196128845,0.1644459217786789
231,3.419800281524658,0.03242652490735054,0.1641770452260971,3.8084473609924316,1.7919092178344727,0.5690473318099976,0.16713890433311462,1.5925426483154297,8.874307632446289,4.188374042510986,0.3773365616798401,0.16713890433311462
232,3.574876308441162,0.03365776687860489,0.1796685755252838,10.22233772277832,1.807916522026062,0.5405141711235046,0.1287856101989746,3.768062114715576,9.185937881469727,4.150224685668945,0.3146292269229889,0.1287856101989746
233,3.5045406818389893,0.03427134454250336,0.1544690579175949,4.113500595092773,1.762513518333435,0.5626304149627686,0.16522207856178284,1.6956532001495361,8.3414945602417,4.143524646759033,0.3638342618942261,0.16522207856178284
234,3.4712679386138916,0.032210979610681534,0.11773230135440826,4.409121990203857,1.5283973217010498,0.5135895609855652,0.09281962364912033,1.76715087890625,6.263741970062256,3.0874319076538086,0.2824923098087311,0.09281962364912033
235,3.435680627822876,0.033361200243234634,0.16565339267253876,4.03012228012085,1.8729207515716553,0.5616194009780884,0.1457127034664154,1.2916874885559082,8.876945495605469,4.095363616943359,0.3527063727378845,0.1457127034664154
236,3.4017858505249023,0.03306097537279129,0.1564154475927353,4.426433086395264,1.740407943725586,0.5351722836494446,0.13657042384147644,1.6721243858337402,8.610487937927246,3.753854513168335,0.34984418749809265,0.13657042384147644
237,3.615375518798828,0.0360523946583271,0.22001270949840546,9.354181289672852,2.162195920944214,0.5835278034210205,0.17372721433639526,3.1020543575286865,12.068681716918945,4.448762893676758,0.4130818843841553,0.17372721433639526
238,3.492744207382202,0.03266676515340805,0.19205498695373535,6.728633880615234,1.9232056140899658,0.5684512257575989,0.14746105670928955,2.467249631881714,10.522496223449707,4.075740814208984,0.35710757970809937,0.14746105670928955
239,3.4830760955810547,0.03360660746693611,0.21382546424865723,8.776983261108398,2.1351773738861084,0.5830662250518799,0.16432541608810425,3.0665268898010254,11.839001655578613,4.615434646606445,0.4136691987514496,0.16432541608810425
240,3.3793554306030273,0.03318985551595688,0.23183947801589966,3.2564339637756348,2.196542739868164,0.5600457191467285,0.19325964152812958,1.5095430612564087,12.543827056884766,4.505281925201416,0.39994391798973083,0.19325964152812958
241,3.456094741821289,0.03382088243961334,0.20231854915618896,4.76652717590332,2.079780340194702,0.566150426864624,0.148920476436615,1.3789383172988892,11.097824096679688,4.186997413635254,0.38091933727264404,0.148920476436615
242,3.360607147216797,0.034639861434698105,0.14906363189220428,4.255887508392334,1.73484206199646,0.547972559928894,0.1411072313785553,1.5717198848724365,8.040651321411133,4.166673183441162,0.35373425483703613,0.1411072313785553
243,3.438364028930664,0.03338722512125969,0.20284216105937958,5.073459625244141,2.11179780960083,0.5493921637535095,0.16904863715171814,1.9064608812332153,10.600980758666992,4.650213241577148,0.37585267424583435,0.16904863715171814
244,3.523531436920166,0.03511457145214081,0.2295316904783249,3.6683802604675293,2.19246768951416,0.5709643959999084,0.17745956778526306,1.503516674041748,12.186171531677246,4.891350746154785,0.3847082555294037,0.17745956778526306
245,3.4584364891052246,0.03297102451324463,0.19277995824813843,6.895146369934082,2.0517284870147705,0.5706408023834229,0.16810253262519836,2.424985408782959,10.313499450683594,4.629117965698242,0.36872944235801697,0.16810253262519836
246,3.479374885559082,0.03444017469882965,0.14530642330646515,4.860814094543457,1.7070116996765137,0.539508044719696,0.1248282790184021,2.0049660205841064,7.697605133056641,3.714993715286255,0.329912930727005,0.1248282790184021
247,3.523569107055664,0.03205157816410065,0.2469315528869629,9.701211929321289,2.3384828567504883,0.5797436237335205,0.17282108962535858,3.5358781814575195,13.429864883422852,4.866091728210449,0.41967153549194336,0.17282108962535858
248,3.4407501220703125,0.03313610330224037,0.18010962009429932,5.557512283325195,1.952117919921875,0.5649154186248779,0.16243800520896912,2.3040666580200195,9.982897758483887,4.556723594665527,0.39854490756988525,0.16243800520896912
249,3.475881814956665,0.03437497466802597,0.19248907268047333,6.217153072357178,1.9255670309066772,0.5524333715438843,0.15101903676986694,2.029000759124756,10.285593032836914,4.370533466339111,0.35250362753868103,0.15101903676986694
250,3.3855514526367188,0.03359394520521164,0.2269992232322693,3.2877798080444336,2.1963107585906982,0.573784589767456,0.17689023911952972,1.4439741373062134,12.407989501953125,4.452104568481445,0.41313230991363525,0.17689023911952972
251,3.405848979949951,0.03327307105064392,0.20469734072685242,4.793867111206055,2.0958364009857178,0.5781066417694092,0.1793397068977356,1.8918180465698242,11.34798812866211,5.102652072906494,0.4146387279033661,0.1793397068977356
252,3.460007905960083,0.03231753781437874,0.2650102972984314,6.485227584838867,2.4471540451049805,0.5773654580116272,0.2074187695980072,2.4482531547546387,14.284381866455078,5.43074369430542,0.42116427421569824,0.2074187695980072
253,3.5676352977752686,0.034714050590991974,0.17834502458572388,6.867231369018555,1.8791239261627197,0.5351572036743164,0.14709562063217163,2.5377449989318848,9.370664596557617,4.2522430419921875,0.3353042006492615,0.14709562063217163
254,3.454364776611328,0.03273973986506462,0.20835666358470917,3.1698837280273438,2.183988094329834,0.5721604824066162,0.18027009069919586,1.3104252815246582,11.424896240234375,4.619650840759277,0.3974865674972534,0.18027009069919586
255,3.4990155696868896,0.033994678407907486,0.25938498973846436,4.2520833015441895,2.421808958053589,0.5857717990875244,0.19670410454273224,1.3699485063552856,13.806321144104004,4.598211765289307,0.40748894214630127,0.19670410454273224
256,3.4099578857421875,0.03158342465758324,0.2172950953245163,5.827162265777588,2.187084674835205,0.5623117089271545,0.18877053260803223,2.440277576446533,11.583542823791504,4.555180072784424,0.39953380823135376,0.18877053260803223
257,3.4915904998779297,0.03278062120079994,0.17855316400527954,4.226993560791016,1.888956904411316,0.537460207939148,0.14794041216373444,1.7397832870483398,9.578264236450195,4.215236663818359,0.3519747257232666,0.14794041216373444
258,3.4900665283203125,0.03259671851992607,0.1580195128917694,5.073625564575195,1.8280651569366455,0.541812002658844,0.1469191312789917,1.594409704208374,8.501404762268066,4.166820049285889,0.3621046543121338,0.1469191312789917
259,3.442798614501953,0.03289684280753136,0.20200324058532715,7.083975791931152,2.122103452682495,0.5715039372444153,0.17293108999729156,2.629666805267334,11.228865623474121,4.606945991516113,0.41239017248153687,0.17293108999729156
260,3.390024423599243,0.03498143330216408,0.1843673437833786,4.748739242553711,1.9683811664581299,0.549266517162323,0.1641007363796234,1.4970592260360718,9.83121109008789,3.970698356628418,0.36720582842826843,0.1641007363796234
261,3.4893782138824463,0.03317774459719658,0.13970735669136047,5.002747535705566,1.6734905242919922,0.5413013696670532,0.11930496245622635,1.8266388177871704,7.614954948425293,3.8314480781555176,0.3404771685600281,0.11930496245622635
262,3.4225611686706543,0.03218524158000946,0.16657035052776337,4.3030900955200195,1.8023579120635986,0.5286340713500977,0.14630797505378723,1.5597361326217651,8.734249114990234,3.864985942840576,0.3391582667827606,0.14630797505378723
263,3.4056050777435303,0.03317243233323097,0.22751161456108093,4.292935371398926,2.1779284477233887,0.5600413084030151,0.17242813110351562,1.9705183506011963,12.012772560119629,4.54826021194458,0.379504919052124,0.17242813110351562
264,3.3923873901367188,0.034207746386528015,0.14746509492397308,7.227230548858643,1.6757590770721436,0.5142801403999329,0.11605919897556305,2.4846243858337402,7.8893890380859375,3.4836034774780273,0.31137919425964355,0.11605919897556305
265,3.480012893676758,0.033247750252485275,0.25263044238090515,6.643481254577637,2.3618481159210205,0.5883105993270874,0.20997056365013123,2.2831192016601562,13.839576721191406,5.082617282867432,0.4366990029811859,0.20997056365013123
266,3.3418262004852295,0.03450758382678032,0.17126302421092987,3.6813316345214844,1.802072286605835,0.5505777597427368,0.14996197819709778,1.336205244064331,9.132158279418945,3.948444366455078,0.3492140769958496,0.14996197819709778
267,3.4533395767211914,0.033537060022354126,0.17944574356079102,7.284050464630127,1.940477728843689,0.5476924180984497,0.1693727672100067,2.7629904747009277,9.516536712646484,4.214122295379639,0.37708795070648193,0.1693727672100067
268,3.44327449798584,0.033159706741571426,0.20591184496879578,3.559854507446289,2.0872809886932373,0.5709816217422485,0.16877436637878418,1.213544487953186,11.11164379119873,4.569859981536865,0.4067468047142029,0.16877436637878418
269,3.3895325660705566,0.031256165355443954,0.16874921321868896,4.159633636474609,1.8975341320037842,0.5443918108940125,0.13589388132095337,1.6422199010849,9.196878433227539,3.6908278465270996,0.35920095443725586,0.13589388132095337
270,3.324634313583374,0.032764989882707596,0.17307183146476746,5.295600891113281,1.860242247581482,0.5420899391174316,0.15211240947246552,2.0027072429656982,9.315840721130371,3.914395332336426,0.35420703887939453,0.15211240947246552
271,3.4855637550354004,0.031844306737184525,0.17632436752319336,3.981193780899048,1.905759572982788,0.5493162870407104,0.18539854884147644,1.735566258430481,9.689458847045898,4.50560188293457,0.37452274560928345,0.18539854884147644
272,3.4872474670410156,0.03462762385606766,0.19944128394126892,4.257734298706055,2.016813278198242,0.5611247420310974,0.18037834763526917,1.913266897201538,10.7742338180542,4.14940071105957,0.4022755026817322,0.18037834763526917
273,3.496812343597412,0.0319550521671772,0.18906304240226746,5.648056983947754,2.028118371963501,0.5632503032684326,0.17293664813041687,2.1275391578674316,10.102023124694824,4.522477149963379,0.36776405572891235,0.17293664813041687
274,3.3981552124023438,0.03235635533928871,0.26110658049583435,3.980405807495117,2.4680778980255127,0.5968601703643799,0.20907266438007355,1.7248716354370117,14.587638854980469,5.430677890777588,0.4427199363708496,0.20907266438007355
275,3.520646572113037,0.03474443405866623,0.18234634399414062,8.084733963012695,1.9046317338943481,0.5348910093307495,0.1263122409582138,2.7295620441436768,9.94483757019043,4.013025283813477,0.35732778906822205,0.1263122409582138
276,3.40923810005188,0.033092789351940155,0.19780313968658447,3.5096213817596436,2.032809257507324,0.5561113357543945,0.17291328310966492,1.589606761932373,10.536386489868164,4.656621932983398,0.3970615267753601,0.17291328310966492
277,3.3928046226501465,0.0334172286093235,0.1603308767080307,2.222214937210083,1.8002337217330933,0.5285946130752563,0.12256622314453125,1.0330134630203247,8.633716583251953,3.5617852210998535,0.33285313844680786,0.12256622314453125
278,3.393113136291504,0.03507335111498833,0.11923912167549133,3.901005983352661,1.481180191040039,0.47325223684310913,0.09183955937623978,1.2528190612792969,6.316776275634766,2.976579427719116,0.27057287096977234,0.09183955937623978
279,3.335212469100952,0.03403053805232048,0.2125396728515625,4.3164777755737305,2.181169033050537,0.5695546269416809,0.18508243560791016,1.8802134990692139,11.554866790771484,4.560461044311523,0.41156917810440063,0.18508243560791016
280,3.335016965866089,0.03392494469881058,0.14868609607219696,3.2966933250427246,1.714406132698059,0.5259863138198853,0.1459375023841858,1.5097306966781616,8.157916069030762,3.7619056701660156,0.3483400344848633,0.1459375023841858
281,3.2911782264709473,0.034490641206502914,0.14391234517097473,2.6733105182647705,1.637686848640442,0.5163379907608032,0.13256946206092834,0.9692277908325195,7.7375898361206055,3.9283976554870605,0.31245657801628113,0.13256946206092834
282,3.385538101196289,0.03187499940395355,0.1956031322479248,2.979538917541504,1.984799861907959,0.5351148843765259,0.16241633892059326,1.3866446018218994,10.559042930603027,4.297975540161133,0.3617778718471527,0.16241633892059326
283,3.382131576538086,0.033238232135772705,0.20472434163093567,2.9603259563446045,2.1203954219818115,0.5704492926597595,0.18355146050453186,1.2261836528778076,11.348630905151367,4.363331317901611,0.39037686586380005,0.18355146050453186
284,3.4805641174316406,0.03330812603235245,0.22262732684612274,7.316908836364746,2.1868748664855957,0.5637075304985046,0.15042299032211304,2.398481607437134,12.204118728637695,4.1923370361328125,0.3722632825374603,0.15042299032211304
285,3.529531478881836,0.03234557434916496,0.20643529295921326,8.63505744934082,2.1677465438842773,0.5716714859008789,0.18678078055381775,2.862116813659668,11.151294708251953,5.285131931304932,0.41061925888061523,0.18678078055381775
286,3.348771572113037,0.03189917653799057,0.18130561709403992,4.930861473083496,1.9912911653518677,0.5652064681053162,0.1877141296863556,2.155061960220337,10.168272018432617,4.142765045166016,0.40644121170043945,0.1877141296863556
287,3.380627155303955,0.03456040844321251,0.1668671816587448,2.7062768936157227,1.8925501108169556,0.559391975402832,0.17900778353214264,1.0610027313232422,8.713479042053223,4.810400009155273,0.3796026110649109,0.17900778353214264
288,3.4010202884674072,0.03345067426562309,0.17528367042541504,3.80643367767334,1.9031283855438232,0.54625004529953,0.16259044408798218,1.7371759414672852,9.473791122436523,4.290820121765137,0.37504178285598755,0.16259044408798218
289,3.3946962356567383,0.03435240685939789,0.19112765789031982,3.8641011714935303,1.994053840637207,0.5559942722320557,0.15597215294837952,1.9531463384628296,10.57159423828125,4.068845748901367,0.3714370131492615,0.15597215294837952
290,3.393173933029175,0.03215755894780159,0.16525235772132874,4.949344635009766,1.9016156196594238,0.5544323921203613,0.18105670809745789,2.0689139366149902,8.938905715942383,4.362290382385254,0.3829311728477478,0.18105670809745789
291,3.376793146133423,0.0336671844124794,0.1725047081708908,4.151636123657227,1.8306511640548706,0.524432897567749,0.1500280797481537,1.93809175491333,9.190089225769043,3.791435956954956,0.3263469338417053,0.1500280797481537
292,3.362926483154297,0.034683071076869965,0.21818648278713226,3.974194049835205,2.254775047302246,0.5660129189491272,0.19323599338531494,1.7680673599243164,12.07780933380127,4.5353875160217285,0.40671151876449585,0.19323599338531494
293,3.3254623413085938,0.0318308025598526,0.17564496397972107,5.548111915588379,1.9724771976470947,0.5700988173484802,0.1697094738483429,2.2064740657806396,9.784835815429688,4.4255781173706055,0.4057390093803406,0.1697094738483429
294,3.4800662994384766,0.03331879526376724,0.21514414250850677,7.882789611816406,2.195152759552002,0.5742581486701965,0.17092430591583252,2.865288734436035,11.843629837036133,4.773669242858887,0.40599721670150757,0.17092430591583252
295,3.402570962905884,0.031037112697958946,0.17189960181713104,3.318375587463379,1.90970778465271,0.565656304359436,0.1805606484413147,0.8873142004013062,9.48709487915039,4.223843574523926,0.4062962532043457,0.1805606484413147
296,3.4010322093963623,0.033365629613399506,0.16391675174236298,6.38410758972168,1.8573472499847412,0.5456615686416626,0.12867851555347443,1.699722170829773,8.867331504821777,3.881625175476074,0.3527626395225525,0.12867851555347443
297,3.3975937366485596,0.031017974019050598,0.1785668134689331,4.758068084716797,1.955418586730957,0.5337274074554443,0.16158385574817657,1.8595179319381714,9.468155860900879,4.259333610534668,0.35521528124809265,0.16158385574817657
298,3.4243860244750977,0.03304913267493248,0.17734453082084656,3.928626298904419,1.993833065032959,0.5545415878295898,0.18195843696594238,1.7663214206695557,9.393624305725098,4.4140191078186035,0.3748428523540497,0.18195843696594238
299,3.4401168823242188,0.033936209976673126,0.20577839016914368,6.53097677230835,2.062556743621826,0.565009355545044,0.155420184135437,2.2030489444732666,11.107757568359375,4.018731117248535,0.37445196509361267,0.155420184135437
